"","Variable_Name","Search_Term"
"1","ALB","unhealthy high serum albumin"
"2","ALB","elevated albumin level"
"3","ALB","hyperalbuminemia"
"4","ALB","increased serum albumin"
"5","ALB","high blood albumin"
"6","ALB","albumin excess"
"7","ALB","concentrated albumin"
"8","ALB","high serum albumin"
"9","ALB","unhealthy high albumin"
"10","ALB","increased albumin concentration"
"11","ALB","hyperproteinemia"
"12","ALB","hemoconcentration"
"13","ALB","increased albumin"
"14","ALB","high serum protein"
"15","ALB","relative hyperalbuminemia"
"16","ALB","dehydration"
"17","ALB","high protein in blood"
"18","ALB","increased colloid osmotic pressure"
"19","ALB","concentrated blood"
"20","ALB","increased albumin levels"
"21","ALB","abnormally high albumin"
"22","ALB","plasma hyperalbuminemia"
"23","ALB","relative increase in albumin"
"24","ALB","dehydration-induced hyperalbuminemia"
"25","ALB","hyperalbuminemia, unspecified"
"26","ALB","elevated blood albumin"
"27","ALB","increased total protein"
"28","ALB","concentrated plasma albumin"
"29","ALB","spurious hyperalbuminemia"
"30","ALB","albumin high"
"31","ALB","serum albumin elevated"
"32","ALB","abnormally high blood protein"
"33","ALB","hyperalbuminemia, secondary"
"34","ALB","elevated albumin due to dehydration"
"35","ALB","high protein in serum"
"36","ALB","concentrated blood due to fluid loss"
"37","ALB","hyperalbuminemia, stable"
"38","ALB","elevated serum albumin, stable"
"39","ALB","high protein levels, stable"
"40","ALB","concentrated plasma, stable"
"41","ALB","dehydration related albumin increase, stable"
"42","ALB","hyperalbuminemia, uncontrolled"
"43","ALB","elevated serum albumin, uncontrolled"
"44","ALB","high protein levels, uncontrolled"
"45","ALB","concentrated plasma, uncontrolled"
"46","ALB","dehydration related albumin increase, uncontrolled"
"47","ALB","abnormally high albumin level"
"48","ALB","hyperalbuminemia due to volume depletion"
"49","ALB","increased plasma albumin concentration"
"50","ALB","relative hyperalbuminemia secondary to dehydration"
"51","ALB","abnormally high serum protein"
"52","ALB","hyperalbuminemia from dehydration"
"53","ALB","elevated albumin"
"54","ALB","abnormally high albumin in blood"
"55","ALB","hyperalbuminemia, due to volume contraction"
"56","ALB","increased albumin plasma"
"57","ALB","elevated total protein, non-specific"
"58","ALB","hyperalbuminemia, temporary"
"59","ALB","increased serum albumin, transient"
"60","ALB","high blood protein, benign"
"61","ALB","relative hyperalbuminemia, unspecified"
"62","ALB","hyperalbuminemia with dehydration"
"63","ALB","high serum albumin, unspecified cause"
"64","ALB","increased blood protein concentration"
"65","ALB","abnormally high albumin levels"
"66","ALB","albumin concentration high"
"67","ALB","elevated serum albumin, specified cause"
"68","ALB","increased blood albumin levels"
"69","ALB","plasma protein elevation"
"70","ALB","increased albumin in plasma"
"71","ALB","high albumin concentration"
"72","ALB","serum albumin over normal range"
"73","ALB","blood protein elevated"
"74","ALB","hyperalbuminemia, resolved"
"75","ALB","elevated serum albumin, resolved"
"76","ALB","high protein levels, normalized"
"77","ALB","concentrated plasma, resolved"
"78","ALB","dehydration related albumin increase, resolved"
"79","A1C","diabetes"
"80","A1C","impaired glycemic control"
"81","A1C","elevated hemoglobin a1c"
"82","A1C","hyperglycemia"
"83","A1C","prediabetes"
"84","A1C","uncontrolled blood sugar"
"85","A1C","high average glucose"
"86","A1C","abnormal glucose metabolism"
"87","A1C","type 1 diabetes"
"88","A1C","type 2 diabetes"
"89","A1C","gestational diabetes"
"90","A1C","diabetes mellitus"
"91","A1C","uncontrolled diabetes"
"92","A1C","high a1c"
"93","A1C","abnormal glucose"
"94","A1C","elevated blood sugar"
"95","A1C","pre-diabetes"
"96","A1C","type 1 diabetic"
"97","A1C","type 2 diabetic"
"98","A1C","glycated hemoglobin high"
"99","A1C","glucose dysregulation"
"100","A1C","impaired glucose tolerance"
"101","A1C","type 2 diabetes mellitus"
"102","A1C","type 1 diabetes mellitus"
"103","A1C","elevated a1c"
"104","A1C","high blood glucose"
"105","A1C","impaired glucose metabolism"
"106","A1C","insulin resistance"
"107","A1C","metabolic syndrome, diabetes type ii"
"108","A1C","diabetes type i"
"109","A1C","high a1c value"
"110","A1C","poorly controlled diabetes"
"111","A1C","elevated average blood sugar"
"112","A1C","glucose abnormality"
"113","A1C","acquired insulin resistance"
"114","A1C","hereditary diabetes"
"115","A1C","diabetes mellitus, type 1"
"116","A1C","diabetes mellitus, type 2"
"117","A1C","prediabetes condition"
"118","A1C","high a1c test result"
"119","A1C","elevated glycated hemoglobin"
"120","A1C","glucose metabolic disorder"
"121","A1C","uncontrolled glucose"
"122","A1C","abnormal a1c"
"123","A1C","diabetes uncontrolled"
"124","A1C","elevated hba1c"
"125","A1C","glucose intolerance"
"126","A1C","hyperglycemia, chronic"
"127","A1C","new onset diabetes"
"128","A1C","diabetes type ii"
"129","A1C","diabetes, unspecified"
"130","A1C","prediabetes, unspecified"
"131","A1C","elevated a1c, unspecified"
"132","A1C","high blood sugar, unspecified"
"133","A1C","hyperglycemia, unspecified"
"134","A1C","abnormal glucose tolerance"
"135","A1C","type 1 diabetes with complications"
"136","A1C","diabetes mellitus, stable"
"137","A1C","prediabetes, stable"
"138","A1C","high a1c, stable"
"139","A1C","impaired glucose metabolism, stable"
"140","A1C","hyperglycemia, stable"
"141","A1C","insulin resistance, stable"
"142","A1C","type ii diabetes, stable"
"143","A1C","diabetes mellitus, uncontrolled"
"144","A1C","prediabetes, uncontrolled"
"145","A1C","high a1c, uncontrolled"
"146","A1C","impaired glucose metabolism, uncontrolled"
"147","A1C","hyperglycemia, uncontrolled"
"148","A1C","insulin resistance, uncontrolled"
"149","A1C","type ii diabetes, uncontrolled"
"150","A1C","diabetes mellitus type 1, with hyperglycemia"
"151","A1C","diabetes mellitus type 2, with hyperglycemia"
"152","A1C","gestational diabetes with poor control"
"153","A1C","prediabetes with elevated glucose"
"154","A1C","impaired glucose tolerance with high a1c"
"155","A1C","abnormal hemoglobin a1c"
"156","A1C","high average blood sugar"
"157","A1C","diabetes with complications"
"158","A1C","glucose intolerance syndrome"
"159","A1C","high blood sugar chronic"
"160","A1C","glycemia impaired"
"161","A1C","abnormal glucose regulation"
"162","A1C","diabetes without complications"
"163","A1C","metabolic syndrome"
"164","A1C","elevated a1c due to diabetes"
"165","A1C","chronic hyperglycemia"
"166","A1C","impaired glucose regulation, specified"
"167","A1C","type 1 diabetes, with complications"
"168","A1C","type 2 diabetes, with complications"
"169","A1C","high average blood glucose"
"170","A1C","diabetes mellitus with poor control"
"171","A1C","prediabetes with uncontrolled glucose"
"172","A1C","persistent hyperglycemia"
"173","A1C","glucose dysregulation, severe"
"174","A1C","type 1 diabetes, unspecified"
"175","A1C","type 2 diabetes, unspecified"
"176","A1C","diabetes with neuropathy"
"177","A1C","diabetes with nephropathy"
"178","A1C","diabetes with retinopathy"
"179","A1C","gestational diabetes, uncontrolled"
"180","A1C","diabetes related conditions"
"181","A1C","glucose metabolism disorder"
"182","A1C","high a1c results"
"183","A1C","impaired fasting glucose, specified"
"184","A1C","chronic high blood sugar"
"185","A1C","diabetes type 1 with ketoacidosis"
"186","A1C","diabetes type 2 with hyperosmolar state"
"187","A1C","diabetic state"
"188","A1C","abnormal a1c reading"
"189","A1C","elevated blood glucose over time"
"190","A1C","impaired glucose conversion"
"191","A1C","hyperglycemic condition"
"192","A1C","insulin resistance syndrome"
"193","A1C","non-insulin dependent diabetes"
"194","A1C","diabetes in remission"
"195","A1C","prediabetes, resolved"
"196","A1C","high a1c, normalized"
"197","A1C","glucose metabolism, normalized"
"198","A1C","hyperglycemia, resolved"
"199","A1C","insulin resistance, resolved"
"200","A1C","type ii diabetes, controlled with diet"
"201","BMI","obesity"
"202","BMI","morbid obesity"
"203","BMI","grade i obesity"
"204","BMI","grade ii obesity"
"205","BMI","grade iii obesity"
"206","BMI","severe obesity"
"207","BMI","excessive body weight"
"208","BMI","high body mass index"
"209","BMI","overweight"
"210","BMI","corpulence"
"211","BMI","pathological adiposity"
"212","BMI","excessive weight"
"213","BMI","severe overweight"
"214","BMI","extreme overweight"
"215","BMI","clinical obesity"
"216","BMI","severe obesity diagnosis"
"217","BMI","pathological obesity"
"218","BMI","elevated bmi"
"219","BMI","obese"
"220","BMI","severely obese"
"221","BMI","extremely obese"
"222","BMI","overweight condition"
"223","BMI","high bmi"
"224","BMI","excessive weight gain"
"225","BMI","pathological bmi"
"226","BMI","overweight with complications"
"227","BMI","obesity related condition"
"228","BMI","high body fat percentage"
"229","BMI","obesity, severe"
"230","BMI","obesity, moderate"
"231","BMI","obesity, mild"
"232","BMI","overweight, unspecified"
"233","BMI","body mass index over limit"
"234","BMI","body mass index high"
"235","BMI","excess weight"
"236","BMI","obesity due to excess calories"
"237","BMI","specified morbid obesity"
"238","BMI","severe obesity, unspecified"
"239","BMI","bmi over 40"
"240","BMI","extreme obesity with complications"
"241","BMI","obesity, stable"
"242","BMI","severe obesity, stable"
"243","BMI","extreme obesity, stable"
"244","BMI","overweight status, stable"
"245","BMI","high bmi, stable"
"246","BMI","adiposity, stable"
"247","BMI","obesity, uncontrolled"
"248","BMI","severe obesity, uncontrolled"
"249","BMI","extreme obesity, uncontrolled"
"250","BMI","overweight status, uncontrolled"
"251","BMI","high bmi, uncontrolled"
"252","BMI","adiposity, uncontrolled"
"253","BMI","obesity, severe, due to nutritional factors"
"254","BMI","with ventilatory impairment"
"255","BMI","with heart failure"
"256","BMI","overweight, with metabolic syndrome"
"257","BMI","excessive adipose tissue"
"258","BMI","pathological weight gain, adult"
"259","BMI","obesity with complications"
"260","BMI","excessive adiposity"
"261","BMI","severe overweight, unspecified"
"262","BMI","extreme overweight, unspecified"
"263","BMI","body mass index, abnormal high"
"264","BMI","pathological increase in weight"
"265","BMI","obesity, with complications"
"266","BMI","with comorbidities"
"267","BMI","with health risks"
"268","BMI","overweight, with associated conditions"
"269","BMI","high bmi, with medical problems"
"270","BMI","excessive body fat accumulation"
"271","BMI","obesity, drug-induced"
"272","BMI","surgically treated morbid obesity"
"273","BMI","extreme obesity, with respiratory complications"
"274","BMI","overweight, with cardiovascular risk"
"275","BMI","high bmi, with joint pain"
"276","BMI","excessive weight, unspecified"
"277","BMI","obesity related complications"
"278","BMI","excessive weight in adults"
"279","BMI","morbid adiposity"
"280","BMI","severe overweight with associated conditions"
"281","BMI","pathological fat accumulation with comorbidities"
"282","BMI","weight excess"
"283","BMI","body mass index exceeding normal"
"284","BMI","corpulent"
"285","BMI","obese state"
"286","BMI","significantly overweight"
"287","BMI","abnormal weight for height"
"288","BMI","adiposity, unspecified"
"289","BMI","obesity, resolved"
"290","BMI","severe obesity, resolved"
"291","BMI","extreme obesity, resolved"
"292","BMI","overweight status, resolved"
"293","BMI","high bmi, resolved"
"294","BMI","adiposity, resolved"
"295","BP_SYSTOLIC","hypertension"
"296","BP_SYSTOLIC","high blood pressure"
"297","BP_SYSTOLIC","elevated systolic blood pressure"
"298","BP_SYSTOLIC","essential hypertension"
"299","BP_SYSTOLIC","secondary hypertension"
"300","BP_SYSTOLIC","hypertensive heart disease"
"301","BP_SYSTOLIC","hypertensive renal disease"
"302","BP_SYSTOLIC","malignant hypertension"
"303","BP_SYSTOLIC","benign hypertension"
"304","BP_SYSTOLIC","elevated systolic pressure"
"305","BP_SYSTOLIC","arterial hypertension"
"306","BP_SYSTOLIC","sustained high blood pressure"
"307","BP_SYSTOLIC","essential hypertension, malignant"
"308","BP_SYSTOLIC","secondary hypertension, unspecified"
"309","BP_SYSTOLIC","elevated blood pressure readings"
"310","BP_SYSTOLIC","hypertension, systemic"
"311","BP_SYSTOLIC","high systolic blood pressure"
"312","BP_SYSTOLIC","sustained elevation of systolic blood pressure"
"313","BP_SYSTOLIC","hypertensive crisis"
"314","BP_SYSTOLIC","severe hypertension"
"315","BP_SYSTOLIC","mild hypertension"
"316","BP_SYSTOLIC","hypertensive urgency"
"317","BP_SYSTOLIC","hypertensive emergency"
"318","BP_SYSTOLIC","isolated systolic hypertension"
"319","BP_SYSTOLIC","hypertensive disease"
"320","BP_SYSTOLIC","persistent high blood pressure"
"321","BP_SYSTOLIC","elevated systolic reading"
"322","BP_SYSTOLIC","uncontrolled hypertension"
"323","BP_SYSTOLIC","labile hypertension"
"324","BP_SYSTOLIC","white coat hypertension"
"325","BP_SYSTOLIC","resistant hypertension"
"326","BP_SYSTOLIC","hypertension, mild"
"327","BP_SYSTOLIC","hypertension, moderate"
"328","BP_SYSTOLIC","hypertension, severe"
"329","BP_SYSTOLIC","high systolic readings"
"330","BP_SYSTOLIC","isolated systolic hypertension, secondary"
"331","BP_SYSTOLIC","malignant hypertension with renal involvement"
"332","BP_SYSTOLIC","elevated blood pressure"
"333","BP_SYSTOLIC","sustained high pressure"
"334","BP_SYSTOLIC","high systolic blood pressure, unspecified"
"335","BP_SYSTOLIC","essential hypertension, unspecified"
"336","BP_SYSTOLIC","elevated blood pressure reading, unspecified"
"337","BP_SYSTOLIC","high blood pressure, stable"
"338","BP_SYSTOLIC","essential hypertension, stable"
"339","BP_SYSTOLIC","secondary hypertension, stable"
"340","BP_SYSTOLIC","hypertensive heart disease, stable"
"341","BP_SYSTOLIC","elevated systolic blood pressure, stable"
"342","BP_SYSTOLIC","high blood pressure, uncontrolled"
"343","BP_SYSTOLIC","essential hypertension, uncontrolled"
"344","BP_SYSTOLIC","secondary hypertension, uncontrolled"
"345","BP_SYSTOLIC","hypertensive heart disease, uncontrolled"
"346","BP_SYSTOLIC","elevated systolic blood pressure, uncontrolled"
"347","BP_SYSTOLIC","essential hypertension, malignant, with elevated systolic"
"348","BP_SYSTOLIC","secondary hypertension, renal, with high systolic pressure"
"349","BP_SYSTOLIC","isolated systolic hypertension, severe"
"350","BP_SYSTOLIC","hypertensive crisis, systolic component"
"351","BP_SYSTOLIC","sustained elevated systolic blood pressure"
"352","BP_SYSTOLIC","hypertension, malignant"
"353","BP_SYSTOLIC","hypertension, benign"
"354","BP_SYSTOLIC","sustained high systolic"
"355","BP_SYSTOLIC","drug resistant hypertension"
"356","BP_SYSTOLIC","secondary to endocrine disorder hypertension"
"357","BP_SYSTOLIC","high systolic blood pressure, sustained"
"358","BP_SYSTOLIC","elevated blood pressure, severe"
"359","BP_SYSTOLIC","hypertensive emergency, systolic component"
"360","BP_SYSTOLIC","high systolic blood pressure, with organ damage"
"361","BP_SYSTOLIC","essential hypertension, with retinopathy"
"362","BP_SYSTOLIC","secondary hypertension, with renal failure"
"363","BP_SYSTOLIC","elevated systolic pressure, severe"
"364","BP_SYSTOLIC","pulmonary hypertension"
"365","BP_SYSTOLIC","secondary to adrenal disorder hypertension"
"366","BP_SYSTOLIC","high systolic blood pressure, labile"
"367","BP_SYSTOLIC","elevated blood pressure, situational"
"368","BP_SYSTOLIC","essential hypertension, borderline"
"369","BP_SYSTOLIC","renovascular secondary hypertension"
"370","BP_SYSTOLIC","high systolic blood pressure, controlled"
"371","BP_SYSTOLIC","essential hypertension, controlled"
"372","BP_SYSTOLIC","secondary hypertension, controlled"
"373","BP_SYSTOLIC","elevated blood pressure, managed"
"374","BP_SYSTOLIC","treated systolic hypertension"
"375","BP_SYSTOLIC","systolic blood pressure high"
"376","BP_SYSTOLIC","hypertensive condition"
"377","BP_SYSTOLIC","arterial hypertension, severe"
"378","BP_SYSTOLIC","high pressure, systolic"
"379","BP_SYSTOLIC","sustained elevated systolic"
"380","BP_SYSTOLIC","blood pressure high"
"381","BP_SYSTOLIC","high blood pressure, normalized"
"382","BP_SYSTOLIC","essential hypertension, resolved"
"383","BP_SYSTOLIC","secondary hypertension, resolved"
"384","BP_SYSTOLIC","hypertensive heart disease, resolved"
"385","BP_SYSTOLIC","elevated systolic blood pressure, resolved"
"386","BP_DIASTOLIC","hypertension"
"387","BP_DIASTOLIC","high blood pressure"
"388","BP_DIASTOLIC","elevated diastolic blood pressure"
"389","BP_DIASTOLIC","essential hypertension"
"390","BP_DIASTOLIC","secondary hypertension"
"391","BP_DIASTOLIC","hypertensive heart disease"
"392","BP_DIASTOLIC","hypertensive renal disease"
"393","BP_DIASTOLIC","malignant hypertension"
"394","BP_DIASTOLIC","benign hypertension"
"395","BP_DIASTOLIC","elevated diastolic pressure"
"396","BP_DIASTOLIC","arterial hypertension"
"397","BP_DIASTOLIC","sustained high blood pressure"
"398","BP_DIASTOLIC","essential hypertension, malignant"
"399","BP_DIASTOLIC","secondary hypertension, unspecified"
"400","BP_DIASTOLIC","elevated blood pressure readings"
"401","BP_DIASTOLIC","hypertension, systemic"
"402","BP_DIASTOLIC","high diastolic blood pressure"
"403","BP_DIASTOLIC","sustained elevation of diastolic blood pressure"
"404","BP_DIASTOLIC","hypertensive crisis"
"405","BP_DIASTOLIC","severe hypertension"
"406","BP_DIASTOLIC","mild hypertension"
"407","BP_DIASTOLIC","hypertensive urgency"
"408","BP_DIASTOLIC","hypertensive emergency"
"409","BP_DIASTOLIC","isolated diastolic hypertension"
"410","BP_DIASTOLIC","hypertensive disease"
"411","BP_DIASTOLIC","persistent high blood pressure"
"412","BP_DIASTOLIC","elevated diastolic reading"
"413","BP_DIASTOLIC","uncontrolled hypertension"
"414","BP_DIASTOLIC","labile hypertension"
"415","BP_DIASTOLIC","white coat hypertension"
"416","BP_DIASTOLIC","resistant hypertension"
"417","BP_DIASTOLIC","hypertension, mild"
"418","BP_DIASTOLIC","hypertension, moderate"
"419","BP_DIASTOLIC","hypertension, severe"
"420","BP_DIASTOLIC","high diastolic readings"
"421","BP_DIASTOLIC","isolated diastolic hypertension, secondary"
"422","BP_DIASTOLIC","malignant hypertension with renal involvement"
"423","BP_DIASTOLIC","elevated blood pressure"
"424","BP_DIASTOLIC","sustained high pressure"
"425","BP_DIASTOLIC","high diastolic blood pressure, unspecified"
"426","BP_DIASTOLIC","essential hypertension, unspecified"
"427","BP_DIASTOLIC","elevated blood pressure reading, unspecified"
"428","BP_DIASTOLIC","high blood pressure, stable"
"429","BP_DIASTOLIC","essential hypertension, stable"
"430","BP_DIASTOLIC","secondary hypertension, stable"
"431","BP_DIASTOLIC","hypertensive heart disease, stable"
"432","BP_DIASTOLIC","elevated diastolic blood pressure, stable"
"433","BP_DIASTOLIC","high blood pressure, uncontrolled"
"434","BP_DIASTOLIC","essential hypertension, uncontrolled"
"435","BP_DIASTOLIC","secondary hypertension, uncontrolled"
"436","BP_DIASTOLIC","hypertensive heart disease, uncontrolled"
"437","BP_DIASTOLIC","elevated diastolic blood pressure, uncontrolled"
"438","BP_DIASTOLIC","essential hypertension, malignant, with elevated diastolic"
"439","BP_DIASTOLIC","secondary hypertension, renal, with high diastolic pressure"
"440","BP_DIASTOLIC","isolated diastolic hypertension, severe"
"441","BP_DIASTOLIC","hypertensive crisis, diastolic component"
"442","BP_DIASTOLIC","sustained elevated diastolic blood pressure"
"443","BP_DIASTOLIC","hypertension, malignant"
"444","BP_DIASTOLIC","hypertension, benign"
"445","BP_DIASTOLIC","sustained high diastolic"
"446","BP_DIASTOLIC","drug resistant hypertension"
"447","BP_DIASTOLIC","secondary to endocrine disorder hypertension"
"448","BP_DIASTOLIC","high diastolic blood pressure, sustained"
"449","BP_DIASTOLIC","elevated blood pressure, severe"
"450","BP_DIASTOLIC","hypertensive emergency, diastolic component"
"451","BP_DIASTOLIC","high diastolic blood pressure, with organ damage"
"452","BP_DIASTOLIC","essential hypertension, with retinopathy"
"453","BP_DIASTOLIC","secondary hypertension, with renal failure"
"454","BP_DIASTOLIC","elevated diastolic pressure, severe"
"455","BP_DIASTOLIC","pulmonary hypertension"
"456","BP_DIASTOLIC","secondary to adrenal disorder hypertension"
"457","BP_DIASTOLIC","high diastolic blood pressure, labile"
"458","BP_DIASTOLIC","elevated blood pressure, situational"
"459","BP_DIASTOLIC","essential hypertension, borderline"
"460","BP_DIASTOLIC","renovascular secondary hypertension"
"461","BP_DIASTOLIC","high diastolic blood pressure, controlled"
"462","BP_DIASTOLIC","essential hypertension, controlled"
"463","BP_DIASTOLIC","secondary hypertension, controlled"
"464","BP_DIASTOLIC","elevated blood pressure, managed"
"465","BP_DIASTOLIC","treated diastolic hypertension"
"466","BP_DIASTOLIC","diastolic blood pressure high"
"467","BP_DIASTOLIC","hypertensive condition"
"468","BP_DIASTOLIC","arterial hypertension, severe"
"469","BP_DIASTOLIC","high pressure, diastolic"
"470","BP_DIASTOLIC","sustained elevated diastolic"
"471","BP_DIASTOLIC","blood pressure high"
"472","BP_DIASTOLIC","high blood pressure, normalized"
"473","BP_DIASTOLIC","essential hypertension, resolved"
"474","BP_DIASTOLIC","secondary hypertension, resolved"
"475","BP_DIASTOLIC","hypertensive heart disease, resolved"
"476","BP_DIASTOLIC","elevated diastolic blood pressure, resolved"
"477","CHOL","hypercholesterolemia"
"478","CHOL","high cholesterol"
"479","CHOL","elevated cholesterol levels"
"480","CHOL","dyslipidemia"
"481","CHOL","hyperlipidemia"
"482","CHOL","high low density lipoprotein"
"483","CHOL","elevated ldl"
"484","CHOL","high total lipids"
"485","CHOL","high total cholesterol"
"486","CHOL","elevated lipids"
"487","CHOL","hyperlipidemic state"
"488","CHOL","dyslipidemia, primary"
"489","CHOL","dyslipidemia, secondary"
"490","CHOL","high bad cholesterol"
"491","CHOL","hypercholesterolemia, primary"
"492","CHOL","hypercholesterolemia, secondary"
"493","CHOL","high blood cholesterol"
"494","CHOL","lipid disorder"
"495","CHOL","elevated very low density lipoprotein"
"496","CHOL","high high density lipoprotein"
"497","CHOL","high ldl cholesterol"
"498","CHOL","hyperbetalipoproteinemia"
"499","CHOL","high serum cholesterol"
"500","CHOL","elevated blood lipids"
"501","CHOL","lipid metabolic disorder"
"502","CHOL","primary dyslipidemia"
"503","CHOL","secondary dyslipidemia"
"504","CHOL","familial hyperlipidemia"
"505","CHOL","non-familial hypercholesterolemia"
"506","CHOL","high cholesterol levels"
"507","CHOL","hypercholesterolemia, familial"
"508","CHOL","hypercholesterolemia, non-familial"
"509","CHOL","dyslipoproteinemia"
"510","CHOL","elevated low density lipoprotein cholesterol"
"511","CHOL","elevated total cholesterol"
"512","CHOL","elevated cholesterol"
"513","CHOL","high ldl"
"514","CHOL","elevated total lipids"
"515","CHOL","elevated cholesterol, unspecified"
"516","CHOL","dyslipidemia, unspecified"
"517","CHOL","high ldl cholesterol, unspecified"
"518","CHOL","familial hypercholesterolemia, unspecified"
"519","CHOL","high cholesterol, stable"
"520","CHOL","elevated cholesterol levels, stable"
"521","CHOL","dyslipidemia, stable"
"522","CHOL","hyperlipidemia, stable"
"523","CHOL","high ldl, stable"
"524","CHOL","elevated total lipids, stable"
"525","CHOL","high cholesterol, uncontrolled"
"526","CHOL","elevated cholesterol levels, uncontrolled"
"527","CHOL","dyslipidemia, uncontrolled"
"528","CHOL","hyperlipidemia, uncontrolled"
"529","CHOL","high ldl, uncontrolled"
"530","CHOL","elevated total lipids, uncontrolled"
"531","CHOL","dietary hypercholesterolemia"
"532","CHOL","drug-induced hypercholesterolemia"
"533","CHOL","primary hypercholesterolemia, familial type iia"
"534","CHOL","secondary hypercholesterolemia, associated with hypothyroidism"
"535","CHOL","elevated total cholesterol, unspecified cause"
"536","CHOL","dyslipidemia, mixed"
"537","CHOL","elevated ldl cholesterol"
"538","CHOL","total cholesterol elevated"
"539","CHOL","mixed hypercholesterolemia"
"540","CHOL","elevated very low density lipoprotein cholesterol"
"541","CHOL","high total cholesterol, unspecified"
"542","CHOL","dyslipidemia, acquired"
"543","CHOL","hyperlipoproteinemia"
"544","CHOL","high cholesterol, with complications"
"545","CHOL","with cardiovascular disease"
"546","CHOL","elevated ldl, with atherosclerosis"
"547","CHOL","dyslipidemia, with metabolic syndrome"
"548","CHOL","hyperlipidemia, with pancreatitis"
"549","CHOL","elevated cholesterol, dietary"
"550","CHOL","high ldl, genetic"
"551","CHOL","dyslipidemia, mixed type"
"552","CHOL","hyperlipidemia, acquired"
"553","CHOL","total cholesterol, elevated"
"554","CHOL","high cholesterol levels, medically significant"
"555","CHOL","treated hypercholesterolemia"
"556","CHOL","treated elevated ldl"
"557","CHOL","controlled dyslipidemia"
"558","CHOL","managed hyperlipidemia"
"559","CHOL","total cholesterol, high but managed"
"560","CHOL","cholesterol high"
"561","CHOL","elevated lipid profile"
"562","CHOL","congenital hyperlipidemia"
"563","CHOL","acquired hypercholesterolemia"
"564","CHOL","elevated lipoproteins"
"565","CHOL","blood cholesterol high"
"566","CHOL","high cholesterol, normalized"
"567","CHOL","elevated cholesterol levels, resolved"
"568","CHOL","dyslipidemia, resolved"
"569","CHOL","hyperlipidemia, resolved"
"570","CHOL","high ldl, normalized"
"571","CHOL","elevated total lipids, resolved"
"572","CREAT_C","renal failure"
"573","CREAT_C","renal insufficiency"
"574","CREAT_C","acute kidney injury"
"575","CREAT_C","chronic renal failure"
"576","CREAT_C","end stage renal disease"
"577","CREAT_C","kidney failure"
"578","CREAT_C","impaired renal function"
"579","CREAT_C","decreased creatinine clearance"
"580","CREAT_C","uremia"
"581","CREAT_C","nephropathy"
"582","CREAT_C","kidney dysfunction"
"583","CREAT_C","impaired creatinine clearance"
"584","CREAT_C","end stage kidney disease"
"585","CREAT_C","progressive kidney disease"
"586","CREAT_C","uremic syndrome"
"587","CREAT_C","kidney insufficiency"
"588","CREAT_C","chronic kidney disease stage 1"
"589","CREAT_C","chronic kidney disease stage 2"
"590","CREAT_C","chronic kidney disease stage 3"
"591","CREAT_C","chronic kidney disease stage 4"
"592","CREAT_C","chronic kidney disease stage 5"
"593","CREAT_C","renal dysfunction"
"594","CREAT_C","kidney impairment"
"595","CREAT_C","chronic renal insufficiency"
"596","CREAT_C","acute renal insufficiency"
"597","CREAT_C","decreased gfr"
"598","CREAT_C","end-stage renal failure"
"599","CREAT_C","kidney failure, chronic"
"600","CREAT_C","kidney failure, acute"
"601","CREAT_C","renal impairment"
"602","CREAT_C","decreased kidney function"
"603","CREAT_C","low creatinine clearance"
"604","CREAT_C","progressive kidney dysfunction"
"605","CREAT_C","renal failure, chronic, stage 1"
"606","CREAT_C","renal failure, chronic, stage 2"
"607","CREAT_C","renal failure, chronic, stage 3"
"608","CREAT_C","renal failure, chronic, stage 4"
"609","CREAT_C","renal failure, chronic, stage 5"
"610","CREAT_C","acute tubular necrosis"
"611","CREAT_C","end stage kidney failure"
"612","CREAT_C","impaired gfr"
"613","CREAT_C","chronic kidney disease, unspecified stage"
"614","CREAT_C","renal insufficiency, unspecified"
"615","CREAT_C","decreased creatinine clearance, unspecified"
"616","CREAT_C","end stage renal disease, unspecified"
"617","CREAT_C","renal failure, stable"
"618","CREAT_C","kidney failure, stable"
"619","CREAT_C","chronic kidney disease, stable"
"620","CREAT_C","end stage renal disease, stable"
"621","CREAT_C","renal insufficiency, stable"
"622","CREAT_C","impaired renal function, stable"
"623","CREAT_C","renal failure, uncontrolled"
"624","CREAT_C","kidney failure, uncontrolled"
"625","CREAT_C","chronic kidney disease, uncontrolled"
"626","CREAT_C","end stage renal disease, uncontrolled"
"627","CREAT_C","renal insufficiency, uncontrolled"
"628","CREAT_C","impaired renal function, uncontrolled"
"629","CREAT_C","chronic kidney disease, stage 3, with decreased creatinine clearance"
"630","CREAT_C","intrinsic acute kidney injury"
"631","CREAT_C","severe renal insufficiency"
"632","CREAT_C","end stage renal disease, requiring dialysis"
"633","CREAT_C","impaired glomerular filtration rate"
"634","CREAT_C","progressive chronic renal failure"
"635","CREAT_C","kidney failure, end stage"
"636","CREAT_C","chronic kidney disease, severe"
"637","CREAT_C","acute kidney injury, severe"
"638","CREAT_C","renal insufficiency, chronic progressive"
"639","CREAT_C","decreased creatinine clearance, significant"
"640","CREAT_C","uremia due to renal failure"
"641","CREAT_C","chronic kidney disease, with complications"
"642","CREAT_C","renal insufficiency, with electrolyte imbalance"
"643","CREAT_C","low creatinine clearance, with uremic symptoms"
"644","CREAT_C","end stage renal disease, with complications"
"645","CREAT_C","chronic kidney disease, stage 5"
"646","CREAT_C","low creatinine clearance, significant"
"647","CREAT_C","end stage renal disease, on dialysis"
"648","CREAT_C","impaired kidney function, severe"
"649","CREAT_C","chronic kidney disease, mild"
"650","CREAT_C","mild acute kidney injury"
"651","CREAT_C","mild renal insufficiency"
"652","CREAT_C","low creatinine clearance, mild"
"653","CREAT_C","end stage renal disease, pre-dialysis"
"654","CREAT_C","mild impaired kidney function"
"655","CREAT_C","kidney dysfunction, chronic"
"656","CREAT_C","kidney function impaired"
"657","CREAT_C","renal failure stages"
"658","CREAT_C","low gfr"
"659","CREAT_C","creatinine clearance reduced"
"660","CREAT_C","end stage renal disease, chronic"
"661","CREAT_C","acute kidney failure, unresolved"
"662","CREAT_C","renal failure, resolved"
"663","CREAT_C","kidney failure, resolved"
"664","CREAT_C","chronic kidney disease, improved"
"665","CREAT_C","end stage renal disease, managed"
"666","CREAT_C","renal insufficiency, improved"
"667","CREAT_C","impaired renal function, improved"
"668","CREAT_C","acute kidney injury, resolved"
"669","CRP","sepsis"
"670","CRP","infection"
"671","CRP","autoimmune inflammatory syndrome"
"672","CRP","elevated c-reactive protein"
"673","CRP","high c-reactive protein"
"674","CRP","systemic inflammation"
"675","CRP","inflammatory response"
"676","CRP","acute phase reactant"
"677","CRP","vasculitis"
"678","CRP","inflammatory bowel disease"
"679","CRP","rheumatoid arthritis"
"680","CRP","lupus"
"681","CRP","high crp"
"682","CRP","systemic inflammatory response syndrome"
"683","CRP","severe inflammatory condition"
"684","CRP","bacterial infection"
"685","CRP","viral infection"
"686","CRP","fungal infection"
"687","CRP","inflammation marker elevated"
"688","CRP","elevated inflammatory markers"
"689","CRP","generalized inflammation"
"690","CRP","systemic inflammatory response"
"691","CRP","severe infectious process"
"692","CRP","inflammatory polyarthropathy"
"693","CRP","elevated crp"
"694","CRP","inflammatory state"
"695","CRP","infection, acute"
"696","CRP","infection, chronic"
"697","CRP","autoimmune disease"
"698","CRP","elevated c-reactive protein level"
"699","CRP","generalized inflammatory process"
"700","CRP","severe systemic infection"
"701","CRP","inflammatory autoimmune condition"
"702","CRP","acute inflammatory response"
"703","CRP","chronic inflammatory process"
"704","CRP","high c-reactive protein, unspecified cause"
"705","CRP","severe infection leading to inflammation"
"706","CRP","autoimmune connective tissue disease with inflammation"
"707","CRP","inflammatory arthritis"
"708","CRP","systemic vasculitis"
"709","CRP","inflammatory process"
"710","CRP","acute phase reactants"
"711","CRP","elevated c-reactive protein, unspecified"
"712","CRP","systemic inflammatory response, unspecified"
"713","CRP","inflammatory process, unspecified"
"714","CRP","elevated c-reactive protein, stable"
"715","CRP","high c-reactive protein, stable"
"716","CRP","systemic inflammation, stable"
"717","CRP","acute phase response, stable"
"718","CRP","severe infection, stable"
"719","CRP","autoimmune inflammatory disease, stable"
"720","CRP","elevated c-reactive protein, uncontrolled"
"721","CRP","high c-reactive protein, uncontrolled"
"722","CRP","systemic inflammation, uncontrolled"
"723","CRP","acute phase response, uncontrolled"
"724","CRP","severe infection, uncontrolled"
"725","CRP","autoimmune inflammatory disease, uncontrolled"
"726","CRP","elevated c-reactive protein, post-surgical infection"
"727","CRP","high c-reactive protein, in sepsis"
"728","CRP","systemic inflammatory response syndrome, infectious"
"729","CRP","autoimmune disease, active inflammatory phase"
"730","CRP","chronic inflammatory condition, unspecified"
"731","CRP","infection with inflammation"
"732","CRP","autoimmune inflammation"
"733","CRP","inflammatory disease"
"734","CRP","acute phase protein elevation"
"735","CRP","elevated c-reactive protein, significant"
"736","CRP","systemic inflammatory response syndrome, non-infectious"
"737","CRP","severe inflammation, unspecified"
"738","CRP","autoimmune inflammatory disorder, acute"
"739","CRP","generalized inflammatory process, chronic"
"740","CRP","elevated c-reactive protein, chronic"
"741","CRP","high c-reactive protein, acute"
"742","CRP","systemic inflammation, with fever"
"743","CRP","with systemic response"
"744","CRP","autoimmune disease, with flare-up"
"745","CRP","inflammatory process, with tissue damage"
"746","CRP","elevated c-reactive protein, due to infection"
"747","CRP","high c-reactive protein, due to autoimmune disease"
"748","CRP","systemic inflammation, due to trauma"
"749","CRP","inflammatory response, bacterial"
"750","CRP","acute phase reactant, viral"
"751","CRP","chronic inflammation, unknown cause"
"752","CRP","elevated c-reactive protein, mild"
"753","CRP","systemic inflammation, mild"
"754","CRP","resolved infection"
"755","CRP","autoimmune disease, in remission"
"756","CRP","controlled inflammatory process"
"757","CRP","normalizing acute phase reactants"
"758","CRP","crp elevated"
"759","CRP","inflammatory marker high"
"760","CRP","systemic inflammation response"
"761","CRP","severe infection"
"762","CRP","severe inflammatory process"
"763","CRP","severely elevated acute phase reactants"
"764","CRP","elevated c-reactive protein, resolved"
"765","CRP","high c-reactive protein, normalized"
"766","CRP","systemic inflammation, resolved"
"767","CRP","acute phase response, resolved"
"768","CRP","severe infection, resolved"
"769","CRP","autoimmune inflammatory disease, resolved"
"770","HCST","hyperhomocysteinemia"
"771","HCST","vitamin deficiency"
"772","HCST","elevated homocysteine"
"773","HCST","high homocysteine levels"
"774","HCST","vitamin b12 deficiency"
"775","HCST","folate deficiency"
"776","HCST","vitamin b6 deficiency"
"777","HCST","genetic homocystinuria"
"778","HCST","metabolic defect"
"779","HCST","vascular disease risk factor"
"780","HCST","homocystinuria"
"781","HCST","metabolic disturbance of methionine cycle"
"782","HCST","high plasma homocysteine"
"783","HCST","high homocysteine concentration"
"784","HCST","elevated plasma homocysteine"
"785","HCST","vitamin b12 malabsorption"
"786","HCST","folate deficiency anemia"
"787","HCST","pyridoxine deficiency"
"788","HCST","inherited homocystinuria"
"789","HCST","high homocysteine"
"790","HCST","folic acid deficiency"
"791","HCST","genetic metabolic disorder"
"792","HCST","impaired sulfur amino acid metabolism"
"793","HCST","elevated homocysteine levels"
"794","HCST","hyperhomocysteinemia of unknown origin"
"795","HCST","acquired homocysteinemia"
"796","HCST","nutritional homocysteine elevation"
"797","HCST","impaired methionine metabolism"
"798","HCST","high homocysteine, unspecified"
"799","HCST","inherited hyperhomocysteinemia"
"800","HCST","acquired hyperhomocysteinemia"
"801","HCST","vitamin b group deficiency"
"802","HCST","impaired one carbon metabolism"
"803","HCST","elevated plasma total homocysteine"
"804","HCST","b6 deficiency"
"805","HCST","genetic homocysteine disorder"
"806","HCST","elevated homocysteine, unspecified"
"807","HCST","vitamin b12 deficiency, unspecified"
"808","HCST","folate deficiency, unspecified"
"809","HCST","vitamin b6 deficiency, unspecified"
"810","HCST","elevated homocysteine, stable"
"811","HCST","high homocysteine levels, stable"
"812","HCST","vitamin b12 deficiency, stable"
"813","HCST","folate deficiency, stable"
"814","HCST","vitamin b6 deficiency, stable"
"815","HCST","genetic homocystinuria, stable"
"816","HCST","elevated homocysteine, uncontrolled"
"817","HCST","high homocysteine levels, uncontrolled"
"818","HCST","vitamin b12 deficiency, uncontrolled"
"819","HCST","folate deficiency, uncontrolled"
"820","HCST","vitamin b6 deficiency, uncontrolled"
"821","HCST","genetic homocystinuria, uncontrolled"
"822","HCST","genetic type hyperhomocysteinemia"
"823","HCST","nutritional deficiency hyperhomocysteinemia"
"824","HCST","elevated homocysteine, due to vitamin b12 malabsorption"
"825","HCST","high plasma homocysteine, due to folate deficiency"
"826","HCST","vitamin b12 deficiency related homocysteine"
"827","HCST","folate deficiency related homocysteine"
"828","HCST","b6 deficiency related homocysteine"
"829","HCST","congenital hyperhomocysteinemia"
"830","HCST","elevated homocysteine, due to metabolic defect"
"831","HCST","high plasma homocysteine, unspecified etiology"
"832","HCST","with vascular disease homocysteine"
"833","HCST","elevated homocysteine, with neurological symptoms"
"834","HCST","high homocysteine, with thrombotic events"
"835","HCST","vitamin b12 deficiency, with high homocysteine"
"836","HCST","folate deficiency, with high homocysteine"
"837","HCST","due to renal failure homocysteine"
"838","HCST","elevated homocysteine, due to liver disease"
"839","HCST","high homocysteine, due to hypothyroidism"
"840","HCST","severe vitamin b12 deficiency"
"841","HCST","severe folate deficiency"
"842","HCST","treated genetic homocystinuria"
"843","HCST","mild hyperhomocysteinemia"
"844","HCST","mild elevated homocysteine"
"845","HCST","managed high homocysteine"
"846","HCST","treated vitamin b12 deficiency"
"847","HCST","treated folate deficiency"
"848","HCST","treated vitamin b6 deficiency"
"849","HCST","homocysteine elevated"
"850","HCST","severe hyperhomocysteinemia"
"851","HCST","profound vitamin b12 deficiency"
"852","HCST","profound folate deficiency"
"853","HCST","profound b6 deficiency"
"854","HCST","severe genetic metabolic disorder"
"855","HCST","elevated homocysteine, normalized"
"856","HCST","high homocysteine levels, resolved"
"857","HCST","vitamin b12 deficiency, resolved"
"858","HCST","folate deficiency, resolved"
"859","HCST","vitamin b6 deficiency, resolved"
"860","HCST","genetic homocystinuria, resolved"
"861","TRIG","hypertriglyceridemia"
"862","TRIG","high triglycerides"
"863","TRIG","elevated triglyceride levels"
"864","TRIG","dyslipidemia"
"865","TRIG","hyperlipidemia"
"866","TRIG","familial hypertriglyceridemia"
"867","TRIG","secondary hypertriglyceridemia"
"868","TRIG","high very low density lipoprotein"
"869","TRIG","elevated lipid levels"
"870","TRIG","hypertriglyceridemic"
"871","TRIG","primary hypertriglyceridemia"
"872","TRIG","hypertriglyceridemia, primary"
"873","TRIG","hypertriglyceridemia, secondary"
"874","TRIG","high blood triglycerides"
"875","TRIG","lipid metabolism disorder"
"876","TRIG","elevated chylomicrons"
"877","TRIG","high very low density lipoprotein cholesterol"
"878","TRIG","elevated vldl"
"879","TRIG","high vldl cholesterol"
"880","TRIG","high fat in blood"
"881","TRIG","hyperprebetalipoproteinemia"
"882","TRIG","elevated serum triglycerides"
"883","TRIG","high blood fat"
"884","TRIG","primary hyperlipidemia"
"885","TRIG","secondary hyperlipidemia"
"886","TRIG","non-familial hypertriglyceridemia"
"887","TRIG","high triglyceride levels"
"888","TRIG","hypertriglyceridemia, severe"
"889","TRIG","hypertriglyceridemia, moderate"
"890","TRIG","hypertriglyceridemia, mild"
"891","TRIG","hyperchylomicronemia"
"892","TRIG","elevated very low density lipoprotein triglycerides"
"893","TRIG","elevated triglycerides"
"894","TRIG","high vldl"
"895","TRIG","elevated fat levels"
"896","TRIG","elevated triglycerides, unspecified"
"897","TRIG","dyslipidemia, unspecified"
"898","TRIG","high vldl, unspecified"
"899","TRIG","familial hypertriglyceridemia, unspecified"
"900","TRIG","high triglycerides, stable"
"901","TRIG","elevated triglyceride levels, stable"
"902","TRIG","dyslipidemia, stable"
"903","TRIG","hyperlipidemia, stable"
"904","TRIG","high vldl, stable"
"905","TRIG","elevated fat levels, stable"
"906","TRIG","high triglycerides, uncontrolled"
"907","TRIG","elevated triglyceride levels, uncontrolled"
"908","TRIG","dyslipidemia, uncontrolled"
"909","TRIG","hyperlipidemia, uncontrolled"
"910","TRIG","high vldl, uncontrolled"
"911","TRIG","elevated fat levels, uncontrolled"
"912","TRIG","primary hypertriglyceridemia, familial"
"913","TRIG","secondary hypertriglyceridemia, associated with diabetes"
"914","TRIG","elevated triglycerides, dietary"
"915","TRIG","high serum triglycerides, unspecified etiology"
"916","TRIG","dyslipidemia, mixed"
"917","TRIG","elevated vldl triglycerides"
"918","TRIG","total triglycerides elevated"
"919","TRIG","lipid disorder"
"920","TRIG","severe hypertriglyceridemia"
"921","TRIG","acquired hypertriglyceridemia"
"922","TRIG","high serum triglycerides, familial"
"923","TRIG","lipid metabolism disorder, with high triglycerides"
"924","TRIG","high triglycerides, with pancreatitis"
"925","TRIG","elevated vldl, with fatty liver"
"926","TRIG","dyslipidemia, with cardiovascular risk"
"927","TRIG","hyperlipidemia, with xanthomas"
"928","TRIG","due to alcohol triglycerides"
"929","TRIG","elevated triglycerides, due to diabetes"
"930","TRIG","high vldl, familial"
"931","TRIG","dyslipidemia, postprandial"
"932","TRIG","hyperlipidemia, secondary to medication"
"933","TRIG","serum triglycerides, elevated"
"934","TRIG","mild hypertriglyceridemia"
"935","TRIG","controlled elevated triglycerides"
"936","TRIG","managed high vldl"
"937","TRIG","stable dyslipidemia"
"938","TRIG","stable hyperlipidemia"
"939","TRIG","normalizing serum triglycerides"
"940","TRIG","triglycerides high"
"941","TRIG","elevated fat in blood"
"942","TRIG","severe lipid disorder"
"943","TRIG","severe hyperlipidemia"
"944","TRIG","severely elevated vldl"
"945","TRIG","high triglycerides, normalized"
"946","TRIG","elevated triglyceride levels, resolved"
"947","TRIG","dyslipidemia, resolved"
"948","TRIG","hyperlipidemia, resolved"
"949","TRIG","high vldl, normalized"
"950","TRIG","elevated fat levels, resolved"
