Variable_Name,If_Missing_Search_For
CREAT_C,Renal failure; renal insufficiency; ESRD; end-stage renal disease; kidney failure; chronic kidney disease; CKD
BMI,Obesity; morbid obesity; overweight; BMI elevated
BP_SYSTOLIC,Hypertension; high blood pressure; HTN; essential hypertension; secondary hypertension; hypertensive crisis
BP_DIASTOLIC,Hypertension; high blood pressure; HTN; essential hypertension; secondary hypertension; hypertensive crisis
A1C,Diabetes; impaired glucose; Type 1 diabetes; Type 2 diabetes; diabetes mellitus; DM; hyperglycemia; diabetic ketoacidosis; DKA
CHOL,Hypercholesterolemia; high cholesterol; dyslipidemia; hyperlipidemia; elevated cholesterol
TRIG,Hypertriglyceridemia; high triglycerides; elevated triglycerides
CRP,Sepsis; infection; acute inflammatory response; septic shock; bacteremia; systemic inflammatory response syndrome; SIRS
HCST,Hyperhomocysteinemia; elevated homocysteine; homocysteinemia; Vitamin B12 deficiency; folate deficiency; vitamin D deficiency; vitamin C deficiency; thiamine deficiency; niacin deficiency; riboflavin deficiency; pyridoxine deficiency; biotin deficiency; pantothenic acid deficiency; scurvy; rickets; beriberi; pellagra
